{
  "cli": {
    "version": ">= 5.0.0",
    "appVersionSource": "local"
  },
  "build": {
    "development": {
      "developmentClient": true,
      "distribution": "internal",
      "channel": "development",
      "android": {
        "buildType": "apk",
        "gradleCommand": ":app:assembleDebug"
      },
      "env": {
        "EXPO_PUBLIC_API_URL": "https://ceaad22e-7426-4b1f-a645-d2bab46d41d2-00-2750hh3y918g9.janeway.replit.dev"
      }
    },
    "preview": {
      "distribution": "internal",
      "developmentClient": false,
      "channel": "preview",
      "android": {
        "buildType": "apk",
        "gradleCommand": ":app:assembleRelease"
      },
      "env": {
        "EXPO_PUBLIC_API_URL": "https://ceaad22e-7426-4b1f-a645-d2bab46d41d2-00-2750hh3y918g9.janeway.replit.dev"
      }
    },
    "production": {
      "distribution": "internal",
      "developmentClient": false,
      "channel": "production",
      "android": {
        "buildType": "apk",
        "gradleCommand": ":app:assembleRelease"
      },
      "env": {
        "EXPO_PUBLIC_API_URL": "https://flow360.live"
      }
    }
  },
  "submit": {
    "production": {}
  }
}
